step,time_ms,axial_strain,axial_strain_percent,axial_stress_mpa,mean_platen_force_kn,top_platen_force_kn,bottom_platen_force_kn,centre_sigma_xx_mpa,centre_sigma_yy_mpa,centre_tau_xy_mpa,maximum_damage,yielded_interfaces,broken_interfaces,maximum_opening_um,maximum_slip_um,kinetic_energy_j,bulk_strain_energy_j,cohesive_stored_energy_j,contact_energy_j,fracture_dissipation_j,damping_dissipation_j,external_work_j,kinetic_to_internal_ratio,energy_residual_j
0,0.0,0.0,0.0,6.875383992704941e-14,3.4376919963524713e-15,2.916644045715176e-15,3.958739946989767e-15,-2.863317836988792e-14,1.6725970494868144e-13,-4.0069888552361114e-14,0.0,0,0,0.0,0.0,0.0,2.2021298768290615e-29,0.0,0.0,0.0,0.0,0.0,0.0,-2.2021298768290615e-29
500,0.005757214441223469,5.8831428465103935e-09,5.883142846510394e-07,0.0011353360666414094,5.676680333207047e-05,5.6948243948196236e-05,5.6585362715944724e-05,-3.275690369243588e-10,-1.6473102797270064e-09,-7.838455763363336e-10,0.0,0,0,3.5455533997359013e-10,2.4131049294231148e-06,1.2084944874359685e-11,1.0636433971233836e-11,7.615812618420298e-14,0.0,0.0,4.708074482904787e-13,1.9477810661530114e-11,1.1281065090933886,-3.790533758538087e-12
1000,0.011514428882446939,4.700743823520603e-08,4.7007438235206025e-06,0.00489929041523486,0.000244964520761743,0.0002453863104436914,0.0002445427310797946,-2.161961011939419e-06,-9.406466027496066e-06,-2.536126988727702e-08,0.0,0,0,0.0,1.0003284790656343e-05,3.5766478534270837e-10,3.4946172319759607e-10,2.288158276946183e-12,0.0,0.0,2.7244562362081913e-11,6.790205198169399e-10,1.0168156527682986,-5.76387093623926e-11
1500,0.01727164332367041,1.5832602134791972e-07,1.5832602134791972e-05,0.011376495615485802,0.0005688247807742901,0.0005694452382822727,0.0005682043232663074,-0.00026261633555697795,-0.0011822276543788845,-1.0428513379730355e-05,0.0,0,0,0.0,2.3585494779274164e-05,2.607870201807934e-09,2.6777594945933096e-09,1.8146280489706957e-11,0.0,0.0,2.982628295534742e-10,5.325338920471568e-09,0.9673447143113257,-2.766998859728565e-10
2000,0.023028857764893877,3.742183465415327e-07,3.742183465415327e-05,0.02062992457882082,0.001031496228941041,0.001032302353469122,0.0010306901044129597,-0.0011112206561785236,-0.006341267658260321,2.5200705800335203e-06,0.0,0,0,0.0,4.340489656009348e-05,1.002858827402451e-08,1.194949832573736e-08,8.425786766797972e-11,0.0,0.0,1.5856861178815307e-09,2.283702926991345e-08,0.8333714023157881,-8.110013153979293e-10
2500,0.028786072206117345,7.282092124371292e-07,7.282092124371292e-05,0.0331435624474938,0.0016571781223746903,0.0016582726339577833,0.001656083610791597,-0.0012864767855527248,-0.016426356720440252,-4.031715758351672e-06,0.0,0,0,0.0,7.04174002643608e-05,2.5420981975528167e-08,4.1269448645015094e-08,2.998339621056265e-10,0.0,0.0,5.399327463491055e-09,7.064897611581301e-08,0.6115328526543686,-1.7406159303269464e-09
3000,0.03454328664734082,1.252694771902369e-06,0.0001252694771902369,0.05157682864429217,0.002578841432214609,0.002580129182351276,0.0025775536820779417,-0.0007888069318765055,-0.03174791678260718,-1.762670496566448e-05,0.0,0,0,0.0,0.00011061708338547508,5.126626208156059e-08,1.1875377688200602e-07,8.786423041357371e-10,0.0,0.0,1.3752844361458993e-08,1.8174624767826493e-07,0.42853151704466474,-2.905277950896429e-09
3500,0.04030050108856429,1.9786777661808833e-06,0.00019786777661808831,0.07680604016618812,0.003840302008309406,0.0038419245305511113,0.0038386794860677006,-0.0004836901920950213,-0.05227288256181241,-2.4301188180658363e-05,0.0,0,0,0.0,0.00016547404674172405,9.358117106936115e-08,2.933430253348591e-07,2.19150829966484e-09,0.0,0.0,2.962212112657436e-08,4.1508516907024216e-07,0.31665054475525134,-3.6526567602173203e-09
4000,0.046057715529787754,2.9355141470356167e-06,0.00029355141470356166,0.10918097604609006,0.0054590488023045025,0.005460830232966646,0.005457267371642359,-0.001131312471768923,-0.07961820085101445,-3.629090396784432e-05,0.0,0,0,0.0,0.00023582091120686726,1.590423384094769e-07,6.419729858761201e-07,4.823025769033658e-09,0.0,0.0,5.745220458798278e-08,8.606301555740505e-07,0.24589257748350335,-2.660399068562887e-09
4500,0.051814929971011225,4.150673157701728e-06,0.0004150673157701728,0.14907799239163796,0.007453899619581899,0.007455839095065601,0.0074519601440981974,-0.00193361742325411,-0.11539856986118212,-4.1075087341926825e-05,0.0,0,0,0.0,0.00032268626922156326,2.5299598268297964e-07,1.2784007857354263e-06,9.643549857100713e-09,0.0,0.0,1.0307911686085293e-07,1.6462493433271486e-06,0.19641869126080683,2.129908190789106e-09
5000,0.05757214441223469,5.649512833448905e-06,0.0005649512833448905,0.19727158591242544,0.009863579295621273,0.009865784779227843,0.009861373812014703,-0.0016551266980118456,-0.16033265125565307,-5.960381503236915e-05,0.0,0,0,0.0,0.0004278446908076566,3.775115104155922e-07,2.362553328466212e-06,1.7888429104773643e-08,0.0,0.0,1.7316619496934394e-07,2.9448201938573863e-06,0.1585888456270431,1.370073090146442e-08
5500,0.06332935885345817,7.455072756532506e-06,0.0007455072756532506,0.2552210885781854,0.012761054428909268,0.012763785556908226,0.01275832330091031,-0.0008906982414676658,-0.21461693015766697,-8.620372093439907e-05,0.0,0,0,1.837621504885145e-06,0.0005549359952757071,5.373713531843617e-07,4.1083251711554035e-06,3.1213548834968385e-08,0.0,0.0,2.7498327664621527e-07,4.988525769878525e-06,0.12981430771243313,3.663242005757629e-08
6000,0.06908657329468164,9.587885759296664e-06,0.0009587885759296664,0.3231149497735082,0.01615574748867541,0.016158579958849045,0.016152915018501777,-0.0005816488501403864,-0.2785236888627463,-0.00010962767897190855,0.0,0,0,4.001725360468546e-06,0.0007035217469506782,7.38312932160558e-07,6.789099292900026e-06,5.17083950291278e-08,0.0,0.0,4.17164938132504e-07,8.073816389145677e-06,0.10792774272303213,7.753083092346065e-08
6500,0.0748437877359051,1.2065810114334248e-05,0.001206581011433425,0.40158897858071696,0.020079448929035848,0.02008221830492902,0.02007667955314268,-0.0011523305589229214,-0.3529761697284352,-0.00013565018720163892,0.0,0,0,4.242065436494115e-06,0.0008750335912062693,9.846419246166166e-07,1.0744791806334642e-05,8.194620369148536e-08,0.0,0.0,6.093839270704325e-07,1.256518680167588e-05,0.09094539128080743,1.444229399627039e-07
7000,0.08060100217712858,1.4903883583172502e-05,0.0014903883583172503,0.49088619684758705,0.024544309842379354,0.02454723337274065,0.024541386312018063,-0.0013709093173939748,-0.4387290380053352,-0.00016283165494760223,0.0,0,0,5.621169769814969e-06,0.0010704639747577873,1.2801157417354049e-06,1.638647161524861e-05,1.2509655620684047e-07,0.0,0.0,8.622947328889411e-07,1.890049665092064e-05,0.07752841695245026,2.4651800484084513e-07
7500,0.08635821661835204,1.8114200516308957e-05,0.0018114200516308957,0.5913342687675708,0.029566713438378536,0.029569893009455395,0.02956353386730167,-0.0006836595340504155,-0.5362036494790046,-0.0001877949719331715,0.0,0,0,8.998937210129729e-06,0.0012910295667666529,1.6237682324340828e-06,2.4198169611962216e-05,1.8496030341644578e-07,0.0,0.0,1.1868454990167647e-06,2.758901916101444e-05,0.06659392120984262,3.952755141849312e-07
8000,0.09211543105957551,2.17058130090292e-05,0.0021705813009029198,0.7032159873169473,0.035160799365847366,0.03516442051620545,0.0351571782154893,0.00024286759402458247,-0.6456021837745811,-0.00023453639590514987,0.0,0,0,1.3878602359914022e-05,0.0015390051134937597,2.0159355199934657e-06,3.473664718828977e-05,2.6585517782366744e-07,0.0,0.0,1.5938903544529755e-06,3.921722654826042e-05,0.05759403996055807,6.048983077005401e-07
8500,0.09787264550079897,2.568465692083581e-05,0.0025684656920835812,0.8266926099461843,0.04133463049730922,0.041338363120335404,0.04133089787428303,0.0006062107898610772,-0.7666514688713767,-0.0003043390713633895,0.0,0,0,1.7379444033944065e-05,0.0018124220487819218,2.451994571341241e-06,4.862906419066271e-05,3.7251565722897643e-07,0.0,0.0,2.0938169639701886e-06,5.44394893285139e-05,0.050039092187488705,8.920979453107814e-07
9000,0.10362985994202245,3.0053503363113674e-05,0.0030053503363113676,0.9622276906567079,0.048111384532835394,0.048115526297212136,0.04810724276845865,0.0005484700454207969,-0.8997421313712627,-0.00036121672264397545,0.0,0,0,1.9908118920643965e-05,0.00211230207236439,2.932918654319216e-06,6.656930399942442e-05,5.10210413438952e-07,0.0,0.0,2.6964263668253026e-06,7.398320752429545e-05,0.04372301558815086,1.2743480902875528e-06
9500,0.10938707438324592,3.481193605151129e-05,0.003481193605151129,1.1094386758435657,0.05547193379217829,0.055476390051455146,0.05546747753290143,0.0010458955293422732,-1.0448416124864213,-0.00039782294649155553,0.0,0,0,2.429295289872278e-05,0.002439966458434033,3.4592165492035967e-06,8.930845878702095e-05,6.848286024986675e-07,0.0,0.0,3.4119967473164365e-06,9.863460343837959e-05,0.03843860636217239,1.7701027523399398e-06
10000,0.11514428882446938,3.995635470813142e-05,0.003995635470813142,1.2681207156987422,0.0634060357849371,0.06341053865698199,0.06340153291289222,0.0019877552018214466,-1.2021695745992425,-0.0004558538472599245,0.0,0,0,3.0206435052691756e-05,0.002793978946653792,4.02330014499597e-06,0.00011764416985040581,9.026698761001571e-07,0.0,0.0,4.249899980028283e-06,0.00012921987675434694,0.033938485026492,2.39983690281673e-06
10500,0.12090150326569286,4.548000448572589e-05,0.004548000448572589,1.4378290264268427,0.07189145132134213,0.07189616812158457,0.0718867345210997,0.0030074419822679155,-1.3713834257819795,-0.000488469970414781,0.0,0,0,3.658767264723518e-05,0.003173125819369194,4.6134360734320635e-06,0.0001524076403430263,1.1700994500924002e-06,0.0,0.0,5.217454853456708e-06,0.00016659518137407303,0.03003974455963947,3.186550654065551e-06
11000,0.12665871770691634,5.1373031173417666e-05,0.005137303117341767,1.618717147741055,0.08093585738705275,0.08094103122662215,0.08093068354748334,0.003771853335766517,-1.5520371799742065,-0.0005410650958951853,0.0,0,0,4.242716505649014e-05,0.0035769579392530204,5.217286955304182e-06,0.00019445027165928663,1.4934987954425266e-06,0.0,0.0,6.318876884136819e-06,0.0002116338046533756,0.026626449737066703,4.153870359205455e-06
11500,0.1324159321481398,5.7622561732767314e-05,0.005762256173276732,1.8105578507012363,0.09052789253506183,0.09053272274821177,0.09052306232191187,0.004392814342907961,-1.7434949000744395,-0.0006040169203259894,0.0,0,0,4.810192864004481e-05,0.004005177601509556,5.835070470871298e-06,0.0002446258383788761,1.8794249589056615e-06,0.0,0.0,7.557168164097421e-06,0.00026522165480519737,0.02367118004647067,5.324152832446858e-06
12000,0.13817314658936328,6.421280950598243e-05,0.006421280950598243,2.01248936016032,0.10062446800801601,0.10062922775680644,0.10061970825922557,0.005306945866454018,-1.945482302166781,-0.0006726069877611526,0.0,0,0,5.4843154963739835e-05,0.004456763773019606,6.461387699433709e-06,0.00030376974563089656,2.3345319471774003e-06,0.0,0.0,8.935082864657627e-06,0.0003282196788945488,0.0211084528140437,6.71893075238349e-06
12500,0.14393036103058673,7.112520323642837e-05,0.007112520323642837,2.223804741821888,0.11119023709109441,0.11119504006709788,0.11118543411509092,0.006466867945729573,-2.157818929790256,-0.0007444934524593156,0.0,0,0,6.251745151071301e-05,0.0049298568350765555,7.082309771471462e-06,0.00037267811898804943,2.86509619197757e-06,0.0,0.0,1.0453052291572942e-05,0.0004014394633068673,0.018858840967413994,8.360886063795911e-06
13000,0.1496875754718102,7.833853884698774e-05,0.007833853884698774,2.443788388568969,0.12218941942844846,0.12219418211963673,0.12218465673726019,0.007808672536049539,-2.3797167941010215,-0.0008362886402117212,0.0,0,0,7.081504584006443e-05,0.005422360023168869,7.67798121572588e-06,0.0004520901075457976,3.4766747324533e-06,0.0,0.0,1.2107708026188998e-05,0.00048562372593072354,0.016853689764931817,1.0271254410557735e-05
13500,0.15544478991303368,8.582915273582045e-05,0.008582915273582044,2.672201546753556,0.1336100773376778,0.1336151005266653,0.13360505414869028,0.008978080116913862,-2.610146942737696,-0.0009348253309532412,0.0,0,0,7.888402069813396e-05,0.005933945506660205,8.238079446432785e-06,0.0005426677699139515,4.174184457151655e-06,0.0,0.0,1.3891883656411378e-05,0.0005814401986295247,0.015064827013697234,1.2468281155577406e-05
14000,0.16120200435425716,9.357111517322084e-05,0.009357111517322084,2.9082024639093396,0.14541012319546698,0.14541526846106265,0.1454049779298713,0.010084512725649928,-2.848176129340662,-0.0010046041822490874,0.0,0,0,8.687986878617105e-05,0.006462812308444216,8.762239716853056e-06,0.0006449709726893558,4.9620371361255025e-06,0.0,0.0,1.5797595049611606e-05,0.0006894617282968052,0.01348175824952463,1.496888370485915e-05
14500,0.16695921879548062,0.00010153644221898598,0.010153644221898598,3.1506832842892547,0.15753416421446276,0.15753911843734883,0.15752920999157669,0.011322531023072395,-3.0932441008376834,-0.0010921924474996355,0.0,0,0,9.544630503369747e-05,0.007019388315346915,9.241963518632347e-06,0.0007594393406031848,5.8438641449933405e-06,0.0,0.0,1.781601165380513e-05,0.0008101281488541069,0.012076527305565894,1.778696893349127e-05
15000,0.17271643323670408,0.00010969532442834634,0.010969532442834634,3.3986155358250336,0.1699307767912517,0.1699356618685041,0.1699258917139993,0.012752783758754023,-3.3446539511070883,-0.0011781808327116254,0.0,0,0,0.00010466560157271019,0.007590644805674405,9.663544144330096e-06,0.0008863778489485347,6.822060579701579e-06,0.0,0.0,1.993571242442313e-05,0.0009437304247522155,0.010819016035765293,2.0931258655226e-05
15500,0.17847364767792756,0.0001180163704773008,0.01180163704773008,3.6511459660718257,0.1825572983035913,0.18256246695400144,0.18255212965318113,0.014301715208878543,-3.6012543613299246,-0.0012592826490102006,0.0,0,0,0.00011428559957012553,0.008173902742901602,1.0010955722584935e-05,0.0010259407128528812,7.89761484654639e-06,0.0,0.0,2.2141769378208302e-05,0.0010903972551607234,0.009683289402572298,2.4406202360502307e-05
16000,0.18423086211915102,0.0001264668637162657,0.01264668637162657,3.9075701244209053,0.19537850622104527,0.19538337303353967,0.1953736394085509,0.015788893907705607,-3.8618652610133313,-0.0013416748624783168,0.0,0,0,0.0001238400969519783,0.00876607771730309,1.028124768556367e-05,0.001178114646006269,9.070344766503811e-06,0.0,0.0,2.4416975278337437e-05,0.0012500975520837474,0.008660190084505122,2.821433834707338e-05
16500,0.18998807656037447,0.00013501302955528697,0.013501302955528698,4.166722512268988,0.20833612561344944,0.2083407632519233,0.20833148797497558,0.01724470885416257,-4.125369641273592,-0.001434254512945795,0.0,0,0,0.00013339168305745395,0.009364713287102018,1.047513310919151e-05,0.0013427080391080362,1.033894048347732e-05,0.0,0.0,2.6744227364065905e-05,0.001422621762269801,0.007741884256194833,3.235542220503024e-05
17000,0.19574529100159793,0.00014362031149554156,0.014362031149554156,4.4274822290065705,0.22137411145032856,0.22137844244502053,0.2213697804556366,0.018666162536009244,-4.390935198418088,-0.0015191436526812655,0.0,0,0,0.0001428570000548963,0.009967945928264357,1.0588279425912053e-05,0.001519351446197121,1.1700691989209132e-05,0.0,0.0,2.9105944920883208e-05,0.0016075667114978695,0.006915688343869745,3.6820348964743945e-05
17500,0.20150250544282144,0.00015225375816423214,0.015225375816423215,4.68874676716456,0.23443733835822803,0.23444155667352207,0.23443312004293404,0.020218969041796944,-4.657518799057502,-0.001601578373531036,0.0,0,0,0.00015274849242461998,0.01057374859081997,1.0615672323328452e-05,0.0017074962788909223,1.3151317090489077e-05,0.0,0.0,3.1483485640342065e-05,0.0018043397175315891,0.0061695796095153094,4.159296358650726e-05
18000,0.2072597198840449,0.00016088957982606734,0.016088957982606733,4.951287458427313,0.24756437292136566,0.24756872611400424,0.24756001972872702,0.021905304594592164,-4.923991976117933,-0.0017043395516744035,0.0,0,0,0.00016299115835520652,0.011179496281611684,1.0583962754036541e-05,0.0019066827079954032,1.4686823679925238e-05,0.0,0.0,3.3859275437740265e-05,0.0020124687165865777,0.005508551363780557,4.6655946719472395e-05
18500,0.21301693432526836,0.00016952540148790254,0.016952540148790253,5.215035647405302,0.26075178237026514,0.26075631603574145,0.2607472487047888,0.023553919290603118,-5.189230542761177,-0.0017950483398867483,0.0,0,0,0.00017310100768311163,0.011782410386763878,1.0560615240074776e-05,0.002116859263577846,1.6306264046068596e-05,0.0,0.0,3.622794662422792e-05,0.0022319641580035537,0.004950677808785898,5.20100685153361e-05
19000,0.21877414876649184,0.0001781612231497377,0.01781612231497377,5.478911500948167,0.27394557504740835,0.27394991374569594,0.27394123634912076,0.02463112463284827,-5.45403577055177,-0.0018999840336165338,0.0,0,0,0.00018156105182113945,0.012383331663392927,1.0571145164832723e-05,0.002338016737254883,1.8010079444856393e-05,0.0,0.0,3.859515803331102e-05,0.002462854271201083,0.004486852649512923,5.7661151303199654e-05
19500,0.2245313632077153,0.00018679704481157293,0.018679704481157293,5.742008544221237,0.2871004272110619,0.28710471573530477,0.2870961386868189,0.025307102981379417,-5.719654071592564,-0.001987010382575199,0.0,0,0,0.00018897257701194127,0.012985518796574431,1.0598567758851915e-05,0.002570153910003898,1.9799112553194234e-05,0.0,0.0,4.096728330075476e-05,0.0027051248184863015,0.0040921853278975,6.36059448696027e-05
20000,0.23028857764893876,0.00019543286647340813,0.019543286647340813,6.0042184110896955,0.30021092055448473,0.3002154296871287,0.30020641142184074,0.02698504518813948,-5.986014797871186,-0.0020764512836548635,0.0,0,0,0.00019914438467463094,0.013590825973059885,1.0598900495696055e-05,0.0028132802818981364,2.167345780965374e-05,0.0,0.0,4.3343238239220217e-05,0.002958731210795679,0.003738650245766806,6.98353323529727e-05
20500,0.23604579209016224,0.00020406868813524335,0.020406868813524336,6.267366802531266,0.31336834012656334,0.313372848707108,0.3133638315460186,0.029107434102986683,-6.252182447560125,-0.002172452989574919,0.0,0,0,0.00021063037571464444,0.014196712804342693,1.0579534117673377e-05,0.0030674056314328544,2.3632409941510764e-05,0.0,0.0,4.571619096346924e-05,0.0032236780224634315,0.003422647659479923,7.634425600792352e-05
21000,0.24180300653138573,0.00021270450979707852,0.021270450979707853,6.530868049459249,0.32654340247296243,0.32654784245367857,0.3265389624922463,0.030797511237863565,-6.517382088806548,-0.0022504598004520096,0.0,0,0,0.00022084310468493658,0.014799672322542244,1.0572471926828702e-05,0.0033325165351486673,2.567539617187619e-05,0.0,0.0,4.8085939387628406e-05,0.003499997390843664,0.0031482631556056665,8.314704820866362e-05
21500,0.24756022097260916,0.00022134033145891375,0.022134033145891376,6.794256283528866,0.33971281417644333,0.3397171172882881,0.3397085110645986,0.03145446196333329,-6.782704531416923,-0.0023434116560827212,0.0,0,0,0.00022813958174628033,0.015400915893281812,1.0580256232712284e-05,0.0036085976030357883,2.7802727788383652e-05,0.0,0.0,5.0455889442148755e-05,0.003787693093266358,0.0029095411038845445,9.025661676732508e-05
22000,0.25331743541383267,0.00022997615312074903,0.022997615312074903,7.057203599450754,0.3528601799725377,0.3528643386852529,0.35285602125982246,0.03226531602013001,-7.048418736359237,-0.002424964469619105,0.0,0,0,0.00023595572384269725,0.016003390420026804,1.0590907544120877e-05,0.003895659250081042,3.0015139670082242e-05,0.0,0.0,5.2828266635600985e-05,0.004086753723542214,0.0026978568502193856,9.766015961136781e-05
22500,0.2590746498550561,0.0002386119747825842,0.02386119747825842,7.320076080885742,0.3660038040442871,0.3660081652607118,0.3659994428278624,0.03415405390346264,-7.314368462300198,-0.00252234515447979,0.0,0,0,0.0002467262048775363,0.01660825172136474,1.058736822577246e-05,0.004193724602278851,3.2312792443972094e-05,0.0,0.0,5.5201492636075964e-05,0.004397161733423105,0.00250527083338004,0.00010533547783843442
23000,0.2648318642962796,0.0002472477964444194,0.02472477964444194,7.583315027062173,0.37916575135310865,0.3791702511748103,0.379161251531407,0.036214737617239624,-7.580277168992807,-0.0026162427120316203,0.0,0,0,0.0002579989936483015,0.017213450193244984,1.0583930681031658e-05,0.004502787524343057,3.469510367049731e-05,0.0,0.0,5.757363073872602e-05,0.004718931183592896,0.0023325556368389124,0.00011329099415958391
23500,0.2705890787375031,0.0002558836181062546,0.02558836181062546,7.84641430666539,0.3923207153332695,0.3923251085511149,0.39231632211542405,0.03765069385095658,-7.845837359922923,-0.0027094765200277857,0.0,0,0,0.00026753498254605276,0.017816682529836855,1.0582167303244908e-05,0.004822821976055885,3.716155002247035e-05,0.0,0.0,5.994530039141836e-05,0.005052063793424721,0.002177408060431005,0.00012155279965170209
24000,0.27634629317872655,0.0002645194397680898,0.02645194397680898,8.109596100786915,0.4054798050393457,0.4054840469760538,0.4054755631026376,0.03834211393333155,-8.111420829804587,-0.0027889853235244177,0.0,0,0,0.0002749429670845125,0.018418499873497928,1.058073997367126e-05,0.005153826994031184,3.971235341179244e-05,0.0,0.0,6.23165325316337e-05,0.005396557611329069,0.0020372888825576445,0.00013012099138078655
24500,0.28210350761995,0.000273155261429925,0.0273155261429925,8.372713744882292,0.4186356872441146,0.41864022166995135,0.41863115281827784,0.0394785126110567,-8.376941894402572,-0.002894445051321813,0.0,0,0,0.00028360550239763617,0.019021094998450977,1.0582388443548585e-05,0.005495826623677286,4.234813267210554e-05,0.0,0.0,6.468786406959082e-05,0.005752415517009954,0.0019108079663640296,0.00013897050814742386
25000,0.28786072206117347,0.0002817910830917602,0.02817910830917602,8.63597547660238,0.4317987738301191,0.431803239986082,0.4317943076741561,0.04131971622667382,-8.642623390738153,-0.002990421718756557,0.0,0,0,0.0002942724591971935,0.019625371950569636,1.0584977598626968e-05,0.0058488300455247725,4.506899479039594e-05,0.0,0.0,6.705954513971673e-05,0.006119636027735437,0.0017959210916617518,0.00014809246468192473
25500,0.2936179365023969,0.0002904269047535954,0.02904269047535954,8.898992631243386,0.4449496315621693,0.4449540637014364,0.4449451994229021,0.043186242006559156,-8.908595325319975,-0.0030785005290675906,0.0,0,0,0.0003050153761583064,0.020230230993025,1.0590009726180326e-05,0.006212817380725423,4.787454066674702e-05,0.0,0.0,6.943230221134637e-05,0.00649822128073924,0.001691507881101017,0.00015750704740954274
26000,0.2993751509436204,0.0002990627264154306,0.02990627264154306,9.161871215868837,0.4580935607934418,0.45809794483709393,0.4580891767497898,0.04443747073751449,-9.174423611829326,-0.003169768298296594,0.0,0,0,0.0003140483062298768,0.020833620440065016,1.0584851225715233e-05,0.006587775299433973,5.0764410523559154e-05,0.0,0.0,7.180512663938356e-05,0.00688815777140679,0.0015944547578495914,0.00016722808358415973
26500,0.30513236538484384,0.0003076985480772658,0.03076985480772658,9.42510770238392,0.471255385119196,0.4712596832095236,0.4712510870288685,0.045348492685118,-9.439946352731104,-0.0032450477542559017,0.0,0,0,0.00032205269440311213,0.021435804000653952,1.0577760555838078e-05,0.006973717404555608,5.373869451214116e-05,0.0,0.0,7.417626809254449e-05,0.007289452629487065,0.0015052047863011635,0.00017724250177093403
27000,0.31088957982606735,0.000316334369739101,0.0316334369739101,9.688422284981893,0.4844211142490947,0.484425458688435,0.48441676980975434,0.046757372382305214,-9.705291628358383,-0.003339569056324372,0.0,0,0,0.0003314723179636528,0.02203847194026964,1.0578712743874889e-05,0.007370655006481712,5.67977222061493e-05,0.0,0.0,7.654669807460635e-05,0.007702116436574572,0.0014242719718720756,0.0001875382970682295
27500,0.3166467942672908,0.00032497019140093617,0.03249701914009362,9.951697054030266,0.49758485270151326,0.49758929738620283,0.49758040801682374,0.04844744542720619,-9.971082248777847,-0.0034401852071759688,0.0,0,0,0.0003417248812097605,0.02264261017038756,1.0587954270382554e-05,0.007778585103284706,5.9941686370231946e-05,0.0,0.0,7.89183033689676e-05,0.008126150630023922,0.001350758191495401,0.00019811758272963477
28000,0.3224040087085143,0.0003336060130627715,0.033360601306277146,10.214494463352839,0.510724723167642,0.5107291370560328,0.5107203092792512,0.05002641794541487,-10.237034230958155,-0.0035290033141832417,0.0,0,0,0.00035166640948779035,0.0232468807729528,1.0591995435560863e-05,0.008197496283962175,6.317044455328133e-05,0.0,0.0,8.129179455266852e-05,0.008561542049414205,0.0012822204046796565,0.00020899153091051906
28500,0.3281612231497378,0.0003422418347246066,0.03422418347246066,10.477435924286368,0.5238717962143183,0.5238761229649871,0.5238674694636496,0.05126788884573039,-10.50289505557433,-0.003619478139942198,0.0,0,0,0.00036063367033762716,0.02385032854643478,1.0582824943955917e-05,0.008627388089597184,6.6483733595014e-05,0.0,0.0,8.366455143718186e-05,0.009008281246694652,0.0012172740936580934,0.00022016204712131844
29000,0.33391843759096124,0.0003508776563864418,0.03508776563864418,10.740759716977013,0.5370379858488507,0.5370424661791804,0.5370335055185211,0.052539495666563255,-10.768330137967208,-0.0037057771121310956,0.0,0,0,0.0003696959729960415,0.024452947811894946,1.057627426079245e-05,0.00906826659012095,6.988137110155201e-05,0.0,0.0,8.603523395696781e-05,0.009466383330332966,0.0011573761232224079,0.00023162386089270286
29500,0.3396756520321847,0.000359513478048277,0.0359513478048277,11.004133597893755,0.5502066798946877,0.5502110849923233,0.5502022747970522,0.053997781888235126,-11.033768296055445,-0.003800060725433012,0.0,0,0,0.00037924515325895555,0.025055840366982416,1.0580368304667699e-05,0.009520135610004723,7.336352141965173e-05,0.0,0.0,8.840563332361582e-05,0.009935857275149168,0.0011028685320886458,0.00024337214209651029
30000,0.34543286647340815,0.00036814929971011227,0.036814929971011226,11.267222730275954,0.5633611365137976,0.5633655745684021,0.5633566984591933,0.055396815042427314,-11.2995636908833,-0.003893798578039718,0.0,0,0,0.000388692634016764,0.02565944923659314,1.0590220611863628e-05,0.009982991701668536,7.693056671494175e-05,0.0,0.0,9.077784035164888e-05,0.010416699290722559,0.0010527139603401096,0.00025540896137556807
30500,0.3511900809146316,0.00037678512137194746,0.037678512137194746,11.530020928754038,0.576501046437702,0.5765054541740207,0.5764966387013831,0.05685825977339855,-11.565504911325354,-0.003986623380047787,0.0,0,0,0.00039826546354268484,0.026263440448986656,1.058946703955692e-05,0.010456831724301686,8.058257170396413e-05,0.0,0.0,9.315128592347668e-05,0.010908892696664674,0.0010049398023166843,0.0002677376476959894
31000,0.3569472953558551,0.0003854209430337826,0.03854209430337826,11.793123681228137,0.5896561840614069,0.5896605239407389,0.589651844182075,0.05831412001210583,-11.831274002345104,-0.004078742398133536,0.0,0,0,0.000407863133977165,0.026867075553186636,1.0580724847521439e-05,0.010941657695045822,8.431916352286969e-05,0.0,0.0,9.55233910111902e-05,0.011412438829553517,0.000959617908076668,0.00028035785512611246
31500,0.3627045097970786,0.0003940567646956178,0.03940567646956178,12.056446724511941,0.6028223362255971,0.6028267309806211,0.602817941470573,0.05975440353890334,-12.096740742932571,-0.004164513411412752,0.0,0,0,0.0004173876439497023,0.02746999932208069,1.0578094799526701e-05,0.011437471087940273,8.813999598409232e-05,0.0,0.0,9.78940582979858e-05,0.011927351749166098,0.0009177903646497983,0.00029326851214422044
32000,0.36846172423830204,0.000402692586357453,0.0402692586357453,12.31972105581455,0.6159860527907276,0.6159904710797921,0.6159816345016633,0.06102517921065087,-12.36226397707896,-0.004255731595679222,0.0,0,0,0.0004264257124067166,0.028072745439908373,1.058337876075108e-05,0.01194426946742572,9.204521677877534e-05,0.0,0.0,0.0001002650784565216,0.012453634145687405,0.0008792873099803436,0.0003064710042656356
32500,0.3742189386795255,0.00041132840801928825,0.041132840801928826,12.58270669647854,0.629135334823927,0.6291397177338557,0.6291309519139983,0.06232841885001157,-12.628076330517517,-0.004343825213456404,0.0,0,0,0.0004355839366083325,0.028676168057275096,1.058906561816533e-05,0.012462051848585582,9.603537668541472e-05,0.0,0.0,0.00010263757178940555,0.01299127899948021,0.0008432068855881692,0.0003199651368016431
33000,0.37997615312074895,0.00041996422968112345,0.041996422968112346,12.845652868940931,0.6422826434470466,0.6422870081027273,0.6422782787913658,0.06385860699331636,-12.893940506657938,-0.004440134775492197,0.0,0,0,0.0004453955689307461,0.02928008722520125,1.058591804922351e-05,0.012990823028593376,0.00010011059036386197,0.0,0.0,0.00010501035950422333,0.01354027649717606,0.0008086450025148576,0.0003337466006653727
33500,0.3857333675619724,0.0004286000513429586,0.04286000513429586,13.108847143862565,0.6554423571931284,0.6554467913388325,0.6554379230474241,0.06542392800932072,-13.159631942935102,-0.004524005969018867,0.0,0,0,0.000455258198744678,0.029883730403531907,1.0581165160053393e-05,0.013530585181464671,0.00010427033947520633,0.0,0.0,0.0001073820501850299,0.014100633286094412,0.0007760379377546945,0.00034781454980945155
34000,0.39149058200319586,0.0004372358730047938,0.04372358730047938,13.372070686030037,0.6686035343015019,0.668607956582128,0.6685991120208757,0.0668099730253988,-13.425158050400425,-0.004618752406318591,0.0,0,0,0.0004646462151918897,0.030486663752164907,1.0581148741964301e-05,0.014081330063857783,0.00010851421965973659,0.0,0.0,0.00010975319977967881,0.014672355995469039,0.0007456846270156067,0.0003621773634298747
34500,0.39724779644441943,0.0004458716946666291,0.04458716946666291,13.635241138203758,0.681762056910188,0.6817664589622855,0.6817576548580905,0.06800293876649155,-13.690816427156461,-0.004713513998581651,0.0,0,0,0.00047346459390788115,0.03108950948154551,1.058451627834657e-05,0.014643054617474586,0.00011284252606746615,0.0,0.0,0.00011212476832502086,0.015255443625196657,0.0007173075398522214,0.00037683719705123783
35000,0.4030050108856429,0.0004545075163284643,0.04545075163284643,13.898254799290957,0.6949127399645478,0.6949171590967181,0.6949083208323775,0.06936511220700549,-13.956560890811808,-0.00480099849349903,0.0,0,0,0.00048278529459795536,0.03169284924677798,1.0586188480839582e-05,0.015215767082382765,0.00011725582760519637,0.0,0.0,0.0001144970341186384,0.015849891165238803,0.0006904175740808238,0.0003917850326513629
35500,0.40876222532686635,0.0004631433379902995,0.04631433379902995,14.161350245660769,0.7080675122830384,0.7080718916805228,0.7080631328855543,0.07093038199561191,-14.222323898462765,-0.004894857981519978,0.0,0,0,0.0004926785530891099,0.03229661316483097,1.0584156263685154e-05,0.015799474099399385,0.0001217541467118165,0.0,0.0,0.00011686918063960643,0.016455696329873863,0.0006647826474235968,0.00040701474685937017
36000,0.4145194397680898,0.0004717791596521347,0.047177915965213466,14.424512011643532,0.7212256005821767,0.7212299603979169,0.7212212407664362,0.07247587911385486,-14.488006582033005,-0.004985569322772782,0.0,0,0,0.0005025103944170354,0.03290016821702922,1.0583197741747493e-05,0.016394167715831943,0.00012633688342919146,0.0,0.0,0.00011924093996397309,0.01707286386671168,0.0006406098359865362,0.0004225351297448207
36500,0.42027665420931326,0.00048041498131396983,0.048041498131396985,14.687644897080618,0.734382244854031,0.734386651595209,0.7343778381128531,0.07380352834221801,-14.753655957661394,-0.0050747284420349014,0.0,0,0,0.0005117213502428559,0.033503208782376774,1.0583083587051014e-05,0.01699983959071507,0.00013100374901613935,0.0,0.0,0.00012161260548319978,0.01770139359512988,0.0006177794856430616,0.0004383545663284201
37000,0.4260338686505367,0.0004890508029758051,0.048905080297580505,14.950775935013903,0.7475387967506951,0.7475432065436203,0.74753438695777,0.07501732943693475,-15.01933276278629,-0.005166247259049482,0.0,0,0,0.0005206266456662983,0.03410611539305854,1.0583813222832028e-05,0.017616494615159586,0.00013575517964913182,0.0,0.0,0.00012398433981174002,0.018341285483694292,0.0005961956002853817,0.000454467535851006
37500,0.4317910830917602,0.0004976866246376402,0.049768662463764025,15.21388035188008,0.7606940175940041,0.7606983812775038,0.7606896539105044,0.07644474365762334,-15.284990967218473,-0.005256803105492003,0.0,0,0,0.0005301069039679248,0.03470936432064409,1.0583920240210179e-05,0.01824414195532621,0.00014059159508509827,0.0,0.0,0.00012635619337708607,0.018992538119361784,0.0005756907061605684,0.0004708644553331823
38000,0.4375482975329837,0.0005063224462994755,0.050632244629947545,15.477030628749752,0.7738515314374876,0.7738559369298798,0.7738471259450955,0.07800660394978869,-15.550716231410696,-0.005348281730056807,0.0,0,0,0.0005399949830083322,0.03531301684027567,1.0584441107191098e-05,0.018882780555123713,0.00014551284213123122,0.0,0.0,0.00012872807835284837,0.019655152619608332,0.0005562475249996949,0.0004875467028933496
38500,0.44330551197420714,0.0005149582679613107,0.05149582679613107,15.740114499772826,0.7870057249886413,0.7870101484744808,0.7870013015028019,0.07948887423157834,-15.816448551862537,-0.005437496399892103,0.0,0,0,0.0005496466844818097,0.03591650988448024,1.0584849265239228e-05,0.019532401643903574,0.0001505184571650013,0.0,0.0,0.0001311001235553884,0.02032912852077273,0.0005377682381926948,0.0005045234468835265
39000,0.4490627264154306,0.0005235940896231459,0.052359408962314585,16.00321455622193,0.8001607278110966,0.8001651151546717,0.8001563404675216,0.08077845651510032,-16.082148839586768,-0.005529843785184978,0.0,0,0,0.0005587518348756782,0.0365195673343268,1.0583424250392341e-05,0.02019300398192944,0.00015560834214269954,0.0,0.0,0.00013347203407859087,0.021014463872978548,0.0005201054539661306,0.000521796090577422
39500,0.45481994085665406,0.000532229911284981,0.0532229911284981,16.26636335361862,0.8133181676809311,0.8133225782461552,0.813313757115707,0.08208181039708223,-16.34777954621717,-0.00561786588796343,0.0,0,0,0.0005679081115568593,0.03712252014238843,1.0582608722272348e-05,0.020864593058949728,0.000160782879527936,0.0,0.0,0.00013584365585604996,0.021711161007189297,0.0005033255411574143,0.0005393588041333122
40000,0.4605771552978775,0.0005408657329468163,0.054086573294681625,16.529532607651785,0.8264766303825892,0.8264810242840586,0.8264722364811198,0.08355112678437404,-16.61342792144058,-0.005713128615184068,0.0,0,0,0.0005775204549143288,0.03772579071274668,1.0583364819005223e-05,0.021547172433846563,0.00016604227479976046,0.0,0.0,0.00013821525830998225,0.02241922106072774,0.00048741584150553566,0.0005572077289524267
40500,0.46633436973910103,0.0005495015546086515,0.05495015546086515,16.79265446795492,0.8396327233977461,0.8396370837821329,0.8396283630133594,0.08505188601377228,-16.879154121729055,-0.005802507927325831,0.0,0,0,0.0005872267184050098,0.03832929261892208,1.0585404281959355e-05,0.022240739810122173,0.00017138632523180342,0.0,0.0,0.00014058721633555777,0.023138643981017525,0.0004723070099655304,0.0005753452250460318
41000,0.4720915841803245,0.0005581373762704868,0.05581373762704868,17.055696174544345,0.8527848087272173,0.8527891999301854,0.8527804175242492,0.08645978461817909,-17.14490651924315,-0.0058952634028497574,0.0,0,0,0.0005966743785745987,0.038932665251750515,1.058517785036729e-05,0.02294529064784291,0.0001768147995872608,0.0,0.0,0.00014295943995115188,0.023869426160922014,0.0004577947226490026,0.000593776095690321
41500,0.477848798621548,0.0005667731979323219,0.05667731979323219,17.318813392924955,0.8659406696462479,0.8659450809169393,0.8659362583755564,0.08779213423071451,-17.41060427454046,-0.00598608421619694,0.0,0,0,0.0006059005414560052,0.0395357766254394,1.0582897782369171e-05,0.023660825287149433,0.00018232771539288938,0.0,0.0,0.00014533131175469593,0.02461156746820345,0.0004438547947597681,0.0006125002561240614
42000,0.48360601306277146,0.0005754090195941571,0.057540901959415705,17.581989341234937,0.8790994670617469,0.8791038546838225,0.8790950794396714,0.0891949085491788,-17.676221644398776,-0.0060736759439275305,0.0,0,0,0.0006153250419484777,0.04013883540414262,1.0582226071631967e-05,0.024387347123736074,0.00018792525761116444,0.0,0.0,0.00014770281020519353,0.025365071541994983,0.00043060463002900153,0.0006315141243709195
42500,0.48936322750399486,0.0005840448412559922,0.05840448412559922,17.845159839622973,0.8922579919811487,0.8922623868440364,0.892253597118261,0.09062769665719765,-17.941873636673396,-0.006168594624305101,0.0,0,0,0.0006248457767611979,0.04074202867036825,1.0583937460214943e-05,0.025124857441914197,0.00019360748954015802,0.0,0.0,0.00015007443420065342,0.02612993943000964,0.00041803235262758787,0.0006508161268944171
43000,0.4951204419452183,0.0005926806629178275,0.059268066291782745,18.108239119230493,0.9054119559615248,0.9054163567122405,0.9054075552108091,0.09205240774077449,-18.207613056806377,-0.00625654593652519,0.0,0,0,0.0006343337255747027,0.04134538303909328,1.0585743796732858e-05,0.02587335399043737,0.00019937430398271955,0.0,0.0,0.00015244652896330996,0.026906169029118333,0.00040600828870672304,0.0006704084619382003
43500,0.5008776563864419,0.0006013164845796628,0.06013164845796628,18.371295465627217,0.9185647732813609,0.9185691650368332,0.9185603815258887,0.09346021402473498,-18.473358789768476,-0.006348048305693305,0.0,0,0,0.000643783425017411,0.04194871311449136,1.0584520619765539e-05,0.026632835249060516,0.0002052256407426401,0.0,0.0,0.00015481870126288596,0.027693757007748003,0.0003943847010119505,0.0006902928960621953
44000,0.5066348708276653,0.000609952306241498,0.0609952306241498,18.63444155125783,0.9317220775628916,0.9317264911031354,0.9317176640226479,0.09486456405705193,-18.7390444516743,-0.006438986492812447,0.0,0,0,0.0006532155612286763,0.04255189734325651,1.0582654275603698e-05,0.02740330266497648,0.00021116152620817498,0.0,0.0,0.0001571904498525016,0.028492705497889608,0.00038322866604748355,0.0007104682025768465
44500,0.5123920852688888,0.0006185881279033331,0.06185881279033331,18.897613540117945,0.9448806770058973,0.9448850860354792,0.9448762679763154,0.09627827199550591,-19.00466031133222,-0.006529808247431143,0.0,0,0,0.000662672600009809,0.043154950015150295,1.0582729287809609e-05,0.028184756949466094,0.0002171819460522603,0.0,0.0,0.00015956198297585933,0.029303017189278264,0.0003726058747869321,0.0007309335814962396
45000,0.5181492997101123,0.0006272239495651685,0.06272239495651685,19.16075528906025,0.9580377644530125,0.9580421352228042,0.9580333936832207,0.09766420094141895,-19.270339570076242,-0.00662142454213826,0.0,0,0,0.0006720542946160256,0.043758082541594405,1.0584480261302487e-05,0.02897719703924886,0.00022328691793496082,0.0,0.0,0.00016193374799908475,0.030124692039072327,0.00036247619309400257,0.0007516898536281159
45500,0.5239065141513357,0.0006358597712270036,0.06358597712270037,19.423823229895557,0.9711911614947779,0.9711955553243121,0.9711867676652438,0.09906976907357713,-19.53607616909654,-0.00671239718842413,0.0,0,0,0.0006814984640548807,0.04436135897487569,1.0585221248479613e-05,0.029780622833750235,0.00022947648959243544,0.0,0.0,0.00016430585222003253,0.030957727399793498,0.000352721966509659,0.0007727370029823148
46000,0.5296637285925592,0.0006444955928888387,0.06444955928888388,19.68692129313264,0.9843460646566321,0.9843504673503448,0.9843416619629192,0.10050420817181795,-19.80180444085919,-0.00680391871384954,0.0,0,0,0.0006910137905050467,0.04496466970217556,1.0583890524510134e-05,0.03059503637049233,0.00023575067813761216,0.0,0.0,0.00016667785954078192,0.03180212200713291,0.0003432896639263856,0.0007940732084376727
46500,0.5354209430337826,0.000653131414550674,0.0653131414550674,19.950070459226765,0.9975035229613383,0.9975079154072815,0.9974991305153951,0.10193519653348715,-20.06746674508268,-0.006893817811911399,0.0,0,0,0.0007005262217160495,0.04556783439327154,1.0583002247038257e-05,0.03142043669392408,0.00024210941481401317,0.0,0.0,0.0001690495774455122,0.03265787829956993,0.0003342435636948857,0.0008156996111392881
47000,0.5411781574750062,0.0006617672362125091,0.06617672362125092,20.21322101064801,1.0106610505324003,1.010665450553562,1.010656650511239,0.1033304617443225,-20.333119903316867,-0.006986242584465593,0.0,0,0,0.0007099312508905136,0.046170892818527355,1.0583418810319145e-05,0.03225682121963558,0.00024855259139516795,0.0,0.0,0.0001714212443749007,0.03352499724295678,0.00032558982006623306,0.0008376187687408124
47500,0.5469353719162297,0.0006704030578743444,0.06704030578743445,20.476338856375026,1.0238169428187514,1.0238213406031296,1.0238125450343731,0.10470053304601329,-20.59881354271051,-0.007076174889854275,0.0,0,0,0.0007192732958420533,0.046773996122779465,1.0584469610665197e-05,0.033104190770535,0.000255080264456472,0.0,0.0,0.00017379310375490603,0.034403478259528705,0.0003172871973000504,0.0008598296511716577
48000,0.5526925863574531,0.0006790388795361795,0.06790388795361796,20.739428786870537,1.0369714393435268,1.0369758296737086,1.036967049013345,0.10611375575646594,-20.86452964482171,-0.0071667535204191,0.0,0,0,0.0007287306344829048,0.04737721389672282,1.0584453528187216e-05,0.03396254845196133,0.00026169259320968103,0.0,0.0,0.00017616510079249153,0.03529331962544492,0.0003092677355274958,0.0008823290259532268
48500,0.5584498007986766,0.0006876747011980147,0.06876747011980147,21.002553303245005,1.0501276651622502,1.0501320706517268,1.0501232596727739,0.10756026985097206,-21.130233354517152,-0.007258734968207555,0.0,0,0,0.0007382868266750746,0.047980468156272875,1.058376842041171e-05,0.03483189443654282,0.0002683895669958569,0.0,0.0,0.00017853698824463814,0.036194521650900195,0.00030152942407373954,0.0009051168906964724
49000,0.5642070152399,0.0006963105228598499,0.069631052285985,21.265686784449073,1.0632843392224538,1.0632887461188691,1.0632799323260385,0.10899597230323531,-21.395909101637923,-0.007347665175240071,0.0,0,0,0.0007478065203361033,0.04858363326817579,1.0583573080945593e-05,0.03571222523064378,0.00027517102235227547,0.0,0.0,0.00018090877135431603,0.03710708549958924,0.00029409110363366395,0.0009281969021579239
49500,0.5699642296811235,0.0007049463445216851,0.07049463445216851,21.5288162967035,1.076440814835175,1.0764452011484469,1.0764364285219032,0.11037042542516763,-21.661588318129173,-0.007440404133863452,0.0,0,0,0.0007571625399409688,0.049186683059388815,1.0583786437483224e-05,0.036603539826447935,0.0002820368769992052,0.0,0.0,0.0001832805597825967,0.03803101111408818,0.0002869356367280037,0.0009515700644209604
50000,0.5757214441223469,0.0007135821661835204,0.07135821661835204,21.791931927196252,1.0895965963598129,1.0896009853498028,1.0895922073698228,0.11174565454615339,-21.927278007561362,-0.007529980795736167,0.0,0,0,0.0007665134072969619,0.04978975293241588,1.0584078554141759e-05,0.03750584107964611,0.00028898724939691375,0.0,0.0,0.00018565241695628603,0.03896629818224618,0.0002800403923520018,0.0009752333576927355
50500,0.5814786585635704,0.0007222179878453556,0.07222179878453555,22.055049279171893,1.1027524639585946,1.1027568671640948,1.1027480607530946,0.11317352759941861,-22.19297201969586,-0.007622525129815769,0.0,0,0,0.0007760166821738017,0.05039292704105492,1.058399355675776e-05,0.038419130863967504,0.0002960222886575588,0.0,0.0,0.00018802429548511057,0.039912946245432554,0.00027338116202286334,0.0009991848037656237
51000,0.5872358730047939,0.0007308538095071907,0.07308538095071908,22.31817617930769,1.1159088089653846,1.1159132035200443,1.1159044144107246,0.11462318456085843,-22.45867405188074,-0.00771262981849836,0.0,0,0,0.0007855783288980465,0.050996147011528124,1.0584022834187805e-05,0.03934340745554745,0.00030314193971585834,0.0,0.0,0.00019039615972752392,0.04087095579739696,0.0002669594957348876,0.001023426219571938
51500,0.5929930874460173,0.0007394896311690259,0.07394896311690259,22.58129049525693,1.1290645247628466,1.1290689242480192,1.129060125277674,0.11603910722923327,-22.724363889639296,-0.007803648156529889,0.0,0,0,0.0007950457751851632,0.05159927332729523,1.0583965558607051e-05,0.04027866854852932,0.0003103460226701599,0.0,0.0,0.00019276803149692088,0.04184032663613752,0.0002607593623649355,0.0010479600678825127
52000,0.5987503018872408,0.0007481254528308611,0.07481254528308612,22.844413522327567,1.1422206761163785,1.1422250754033736,1.1422162768293833,0.1174114247041929,-22.990050608357947,-0.007894801547980527,0.0,0,0,0.0008043916662602782,0.052202309400209444,1.058375871265465e-05,0.04122491467573703,0.00031763451576432276,0.0,0.0,0.00019513986515935617,0.042821058658131794,0.0002547691203028013,0.0010727858427584253
52500,0.6045075163284642,0.0007567612744926963,0.07567612744926963,23.107539270009283,1.1553769635004643,1.1553813576034435,1.155372569397485,0.11880874435905572,-23.255731176642445,-0.007985625988853445,0.0,0,0,0.0008138082380720703,0.05280536984750002,1.0583726485393407e-05,0.04218214780142206,0.0003250075551920895,0.0,0.0,0.00019751167095805332,0.0438131521901813,0.00024898693870716926,0.0010979014361237119
53000,0.6102647307696877,0.0007653970961545314,0.07653970961545314,23.370669975727676,1.168533498786384,1.1685378994294369,1.1685290981433307,0.1202426485571619,-23.521420392996156,-0.008076950632726817,0.0,0,0,0.0008233282030299898,0.05340851155513335,1.0583962394504994e-05,0.04315036869800701,0.0003324652272208917,0.0,0.0,0.00019988349578342683,0.04481660736423646,0.00024340553361137723,0.00112330598083063
53500,0.6160219452109111,0.0007740329178163667,0.07740329178163667,23.633784802353894,1.1816892401176946,1.1816936456294689,1.1816848346059206,0.1216739550971882,-23.787121697654406,-0.00816730714652625,0.0,0,0,0.0008328415247545968,0.05401166891909736,1.0584293043392667e-05,0.04412957581129369,0.0003400074573239451,0.0,0.0,0.00020225539769757591,0.04583142404334944,0.00023801196830333342,0.0011490010839908318
54000,0.6217791596521347,0.0007826687394782018,0.07826687394782018,23.896892645469613,1.1948446322734807,1.194849024716652,1.1948402398303095,0.12307647836039894,-24.052821260703208,-0.008258571727783565,0.0,0,0,0.0008422713643271202,0.0546147611029081,1.0584012822689927e-05,0.04511976781024783,0.00034763411106166473,0.0,0.0,0.00020462730955514324,0.04685760147877335,0.0002327824413853181,0.001174988235086022
54500,0.6275363740933582,0.000791304561140037,0.07913045611400371,24.160019610859766,1.2080009805429883,1.2080053707333673,1.2079965903526095,0.12446894883820019,-24.31850706147294,-0.008348603040879097,0.0,0,0,0.0008516735112528658,0.05521780011259518,1.0583614242636826e-05,0.046120945571490074,0.00035534520322081346,0.0,0.0,0.00020699912876410553,0.04789514010249965,0.00022772071665399943,0.0012012665847820209
55000,0.6332935885345816,0.0007999403828018722,0.07999403828018722,24.42315332502363,1.2211576662511816,1.221162067085234,1.221153265417129,0.12588096997171933,-24.584182597367192,-0.008439951158087879,0.0,0,0,0.0008611312088170966,0.055820845559883744,1.0583649868107861e-05,0.0471331104444621,0.00036314084524351117,0.0,0.0,0.0002093709033543989,0.04894404049335309,0.00022283126732575994,0.0012278346504249749
55500,0.6390508029758051,0.0008085762044637073,0.08085762044637074,24.686280994305513,1.2343140497152758,1.2343184433195633,1.2343096561109885,0.12730204104727913,-24.8498727558189,-0.008531567110214206,0.0,0,0,0.000870615260328269,0.05642393701380167,1.0584124949830402e-05,0.04815626225427279,0.0003710210674888843,0.0,0.0,0.0002117427408863219,0.05000430271885266,0.000218106686081148,0.0012546925312548404
56000,0.6448080174170286,0.0008172120261255428,0.08172120261255428,24.949387142081157,1.247469357104058,1.2474737535944964,1.2474649606136197,0.12872072426666337,-25.11557526542177,-0.008621689420241245,0.0,0,0,0.000880092931808379,0.05702704267467224,1.0584321490185563e-05,0.04919039977111594,0.0003789858005448644,0.0,0.0,0.0002141146711075885,0.05107592607424948,0.00021352537192304238,0.0012818415099909095
56500,0.6505652318582521,0.000825847847787378,0.08258478477873779,25.212500650183518,1.260625032509176,1.2606294352439698,1.2606206297743825,0.13012801132462207,-25.381277423287518,-0.008713602550795547,0.0,0,0,0.0008895377041290184,0.05763011763743899,1.0583895304258797e-05,0.05023552302257455,0.00038703497846148644,0.0,0.0,0.00021648656758225328,0.052158910147028704,0.00020907468374162735,0.0013092816831061574
57000,0.6563224462994756,0.0008344836694492132,0.08344836694492132,25.47563139792973,1.2737815698964867,1.27378596439882,1.2737771753941531,0.1315354586930598,-25.64695852882045,-0.00880381283079981,0.0,0,0,0.0008989843250044834,0.05823314480825311,1.058358925415437e-05,0.05129163278541203,0.00039516861897044526,0.0,0.0,0.00021885836817342455,0.053253255649346715,0.0002047638655631145,0.0013370122875366597
57500,0.662079660740699,0.0008431194911110483,0.08431194911110483,25.738764637632368,1.2869382318816183,1.2869426292718542,1.286933834491382,0.13294683519306158,-25.912635221197604,-0.00889498170829255,0.0,0,0,0.0009084390993590344,0.05883616257465564,1.0583776741294944e-05,0.052358729038702784,0.00040338678229844005,0.0,0.0,0.00022123015470768784,0.054358962997941664,0.00020059424412017645,0.0013650332454914552
58000,0.6678368751819225,0.0008517553127728836,0.08517553127728836,26.001884418055415,1.3000942209027708,1.3000986219528476,1.3000898198526938,0.13435857849129226,-26.178330115289228,-0.008985953463727023,0.0,0,0,0.0009178974273825963,0.05943921440096989,1.0584201221735674e-05,0.053436811213743635,0.0004116894751679836,0.0,0.0,0.00022360202139630703,0.05547603198047871,0.00019655517027078811,0.001393345068949052
58500,0.6735940896231459,0.0008603911344347187,0.08603911344347187,26.264992167085406,1.3132496083542704,1.3132540047669554,1.3132452119415852,0.13577446819454828,-26.44403286611654,-0.009076637505786527,0.0,0,0,0.0009273671615871274,0.060042283947376346,1.0584177052615084e-05,0.054525879645842344,0.00042007665973257084,0.0,0.0,0.00022597394209165883,0.05660446189496785,0.0001926288623270571,0.0014219474702486593
59000,0.6793513040643694,0.0008690269560965539,0.08690269560965538,26.528113326730328,1.3264056663365162,1.3264100588951913,1.3264012737778414,0.13718836772741924,-26.70972778971537,-0.009167784818444295,0.0,0,0,0.0009368324628781853,0.060645327625321904,1.0583819127837977e-05,0.055625934833476276,0.0004285483114694716,0.0,0.0,0.00022834580775583054,0.05774425280750138,0.00018881307139110223,0.0014508400356719672
59500,0.6851085185055928,0.0008776627777583892,0.08776627777583892,26.79124291419917,1.3395621457099585,1.3395665464323439,1.3395577449875733,0.13860241235381418,-26.975409621120868,-0.009258256171294946,0.0,0,0,0.0009462954191335678,0.061248337124459616,1.058370247445243e-05,0.05673697611143495,0.00043710442988443806,0.0,0.0,0.00023071761403739585,0.05889540529308808,0.00018511364545344364,0.0014800234352568345
60000,0.6908657329468163,0.0008862985994202244,0.08862985994202244,27.054370617151434,1.3527185308575718,1.3527229253961586,1.3527141363189847,0.14000975826427675,-27.241093582079372,-0.009349767141932893,0.0,0,0,0.0009557425025964565,0.06185133351028851,1.058391204886915e-05,0.057859002998825515,0.00044574503180310724,0.0,0.0,0.00023308943278046166,0.060057919466538205,0.00018152744684376675,0.0015094980910802525
60500,0.6966229473880398,0.0008949344210820596,0.08949344210820596,27.317487012545207,1.3658743506272604,1.3658787448799212,1.3658699563745997,0.14141802686013474,-27.506789164105296,-0.009440133809586543,0.0,0,0,0.0009651900087261858,0.06245434811184594,1.0584138049963656e-05,0.05899201611911552,0.0004544701327862512,0.0,0.0,0.0002354613098499597,0.06123179503548912,0.0001780448049547261,0.0015392633356874283
61000,0.7023801618292632,0.0009035702427438948,0.09035702427438948,27.58060187102108,1.379030093551054,1.3790344942668245,1.3790256928352835,0.14283406065990062,-27.77248650271283,-0.00953140817853859,0.0,0,0,0.0009746617432881029,0.06305737748234327,1.0584021990062138e-05,0.0601360162036467,0.0004632797216051595,0.0,0.0,0.00023783319986670778,0.062417031623238146,0.00017465585743962005,0.0015693184761295179
61500,0.7081373762704868,0.0009122060644057299,0.09122060644057299,27.843726253784233,1.3921863126892118,1.3921907085381708,1.3921819168402525,0.14425451776703846,-28.038178847418713,-0.009621985867849453,0.0,0,0,0.000984143947181183,0.06366039698977098,1.0583855906818195e-05,0.061291002833604336,0.0004721737831691721,0.0,0.0,0.00024020505008802952,0.06361362950246682,0.0001713619099044827,0.0015996639796984624
62000,0.7138945907117102,0.0009208418860675652,0.09208418860675652,28.10685114068468,1.405342557034234,1.4053469537834857,1.4053381602849822,0.14566813316659322,-28.303864780737253,-0.009713268184616822,0.0,0,0,0.0009936083946980616,0.06426338332453133,1.0583845545345444e-05,0.062456975013203755,0.00048115229998049074,0.0,0.0,0.0002425768806207604,0.06482158888543205,0.00016816270196092002,0.0016303008460816781
62500,0.7196518051529337,0.0009294777077294003,0.09294777077294003,28.369974317784525,1.4184987158892264,1.4185031163499306,1.4184943154285221,0.14707195518619615,-28.569553871614072,-0.009804253148879904,0.0,0,0,0.0010030442861815785,0.0648663532294619,1.0583956197203175e-05,0.06363393296655498,0.0004902152731122791,0.0,0.0,0.00024494872380390433,0.06604090974626539,0.00016505414087755366,0.0016612288265970276
63000,0.7254090195941572,0.0009381135293912356,0.09381135293912356,28.633092547365205,1.4316546273682602,1.4316590243626488,1.4316502303738714,0.1484815427120236,-28.835245342002352,-0.00989489559747151,0.0,0,0,0.0010124978404593115,0.06546933328585157,1.0584012355892052e-05,0.06482187756802037,0.0004993627253959923,0.0,0.0,0.00024732058987558814,0.0672715919137434,0.00016203018051019462,0.0016924470180955664
63500,0.7311662340353806,0.0009467493510530707,0.09467493510530707,28.89621382017397,1.4448106910086986,1.4448150855964863,1.4448062964209107,0.14990137923417243,-29.100940412640238,-0.009986072526103564,0.0,0,0,0.0010219792196088458,0.06607233250553893,1.0583962705360847e-05,0.06602080904588054,0.0005085946618141106,0.0,0.0,0.0002496924538287827,0.06851363533001298,0.00015908699184893988,0.0017239552057842084
64000,0.7369234484766041,0.0009553851727149059,0.09553851727149058,29.15933597297785,1.4579667986488927,1.457971198043586,1.4579623992541988,0.15132175375652251,-29.366632651556515,-0.01007661497030435,0.0,0,0,0.0010314631571791506,0.06667532147417435,1.0583951166161845e-05,0.06723072671322637,0.0005179110627652016,0.0,0.0,0.000252064310338607,0.06976704013892425,0.0001562238225535589,0.0017557541014278921
64500,0.7426806629178275,0.0009640209943767412,0.09640209943767412,29.422457110101906,1.4711228555050953,1.471127250959497,1.471118460050693,0.15273177778799554,-29.63232241465076,-0.010167710720221,0.0,0,0,0.001040916668340296,0.06727827960434182,1.0583926220592431e-05,0.06845163002196031,0.0005273119047820563,0.0,0.0,0.0002544361635053353,0.07103180628662846,0.00015343706245643586,0.0017878442701601688
65000,0.748437877359051,0.0009726568160385764,0.09726568160385764,29.685579144231777,1.4842789572115889,1.4842833520964607,1.484274562326717,0.1541373925457476,-29.898012048478016,-0.010258633653953122,0.0,0,0,0.0010503592241641387,0.0678812234426295,1.05839200221511e-05,0.06968351931820349,0.0005367971868672822,0.0,0.0,0.0002568080124018885,0.07230793380012421,0.00015072447047980494,0.0018202253626294074
65500,0.7541950918002744,0.0009812926377004115,0.09812926377004115,29.948701250162802,1.49743506250814,1.4974394617973332,1.4974306632189474,0.15555185894160778,-30.163702195876553,-0.010349323492094041,0.0,0,0,0.001059825984400045,0.06848417821497822,1.0583932081497915e-05,0.07092639534300817,0.0005463669324293162,0.0,0.0,0.0002591798620836283,0.07359542268222627,0.0001480834340879423,0.001852896612623653
66000,0.7599523062414979,0.0009899284593622468,0.09899284593622468,30.211824030584825,1.5105912015292415,1.5105955986916693,1.5105868043668136,0.15697108150873823,-30.42939515273659,-0.010440535572091233,0.0,0,0,0.0010693069082528212,0.06908714220647387,1.0583991820443408e-05,0.07218025807554074,0.0005560211522275492,0.0,0.0,0.000261551719271527,0.07489427297046687,0.00014551186743138757,0.0018858580316066104
66500,0.7657095206827214,0.0009985642810240818,0.09985642810240818,30.47494288638375,1.5237471443191875,1.5237515395501462,1.5237427490882287,0.15838786827883553,-30.695088750705782,-0.010531169694091683,0.0,0,0,0.0010787807477530198,0.06969009677961292,1.0584015140531392e-05,0.07344510679900115,0.0005657598236809299,0.0,0.0,0.0002639235890285837,0.07620448458329625,0.000143006231699599,0.0019191103564450418
67000,0.7714667351239448,0.001007200102685917,0.1007200102685917,30.738063087657927,1.5369031543828964,1.5369075533683563,1.5368987553974365,0.15979811269181407,-30.96078056373502,-0.010622326766494525,0.0,0,0,0.0010882360435540194,0.07029302954747177,1.0583931487911022e-05,0.07472094128808623,0.0005755829226125118,0.0,0.0,0.0002662954504840503,0.07752605743573039,0.0001405633473637442,0.0019526538430596901
67500,0.7772239495651683,0.0010158359243477523,0.10158359243477523,31.001186395629464,1.5500593197814734,1.5500637178012258,1.550054921761721,0.1612034011172176,-31.226577795665015,-0.010707776045704375,0.0,0,0,0.0011010310065561366,0.07088669226023372,1.0583910640693156e-05,0.0760077963969252,0.0005854617569104406,0.0,0.0,0.00026866729754628014,0.07885899166136591,0.00013818331920853444,0.001986482299343284
68000,0.7829811640063917,0.0010244717460095875,0.10244717460095876,31.26433210725663,1.5632166053628316,1.5632235291901297,1.5632096815355334,0.1626874904849317,-31.492040402635052,-0.010900495584772052,0.0,0,0,0.0011077883643972769,0.0714814354733818,1.0583544831591635e-05,0.07730565010503582,0.0005954438979873279,0.0,0.0,0.00027103910369133426,0.08020328732709668,0.00013585874456629473,0.0020205706755506148
68500,0.7887383784476153,0.0010331075676714228,0.10331075676714228,31.527615425443194,1.5763807712721598,1.576406783725303,1.5763547588190165,0.16398542390537185,-31.75793248488139,-0.011036949174711473,0.0,0,0,0.0011294512396633704,0.07210459111691613,1.0584000406067311e-05,0.07861443673819327,0.0006055265498900125,0.0,0.0,0.0002734108587335111,0.08155894523706012,0.00013360269263921025,0.002054987089837243
69000,0.7944955928888389,0.001041743389333258,0.10417433893332581,31.790947787268365,1.5895473893634184,1.589565339361859,1.5895294393649781,0.16533662806001703,-32.02353965706039,-0.010913429472271398,0.0,0,0,0.001135931624138524,0.0727125262585122,1.058451581373916e-05,0.07993417137894557,0.0006157160426817005,0.0,0.0,0.00027578273836675665,0.0829259645086387,0.0001314032353432845,0.002089709832830952
69500,0.8002528073300623,0.0010503792109950933,0.10503792109950932,32.05412149120393,1.6027060745601964,1.6027094841447864,1.6027026649756062,0.1669541944240293,-32.28925301395068,-0.011091751252940719,0.0,0,0,0.0011456334888874477,0.0733057964628701,1.0584613612078304e-05,0.08126495077385956,0.0006259623778753382,0.0,0.0,0.00027815474979835553,0.08430434457655579,0.00012925260208621894,0.0021246920614104714
70000,0.8060100217712858,0.0010590150326569283,0.10590150326569284,32.31678306403115,1.6158391532015575,1.6158315384035842,1.6158467679995308,0.16829926769516904,-32.55488459427785,-0.011130493196795968,0.0,0,0,0.0011441162904779617,0.07390443956788782,1.0584410236766587e-05,0.082606666727735,0.0006363018452167299,0.0,0.0,0.00028052677637897556,0.08569408551870013,0.00012715080226254443,0.0021600057591326383
70500,0.8117672362125092,0.0010676508543187636,0.10676508543187636,32.580256209478335,1.6290128104739168,1.6290152542099399,1.6290103667378935,0.16977355201327,-32.82056354468456,-0.011256379164332165,0.0,0,0,0.0011550229266358094,0.07451358370565148,1.058401194216545e-05,0.0839593562920457,0.0006467245251677875,0.0,0.0,0.000282898664509108,0.08709518744208182,0.00012509753246970026,0.002195623948417061
71000,0.8175244506537327,0.0010762866759805988,0.10762866759805989,32.84350258633465,1.6421751293167326,1.6422211795581472,1.642129079075318,0.17056525765784777,-33.08681985772224,-0.011468768828752673,0.0004229384354715652,1,0,0.0012151208366952661,0.0750934079759105,1.0588795083136456e-05,0.08532239812468834,0.0006575730979333105,0.0,1.2476420016106964e-07,0.00028527104828874174,0.08850765024044106,0.00012315420594547144,0.002231694410247384
71500,0.8232816650949561,0.001084922497642434,0.1084922497642434,33.10519688929401,1.6552598444647006,1.655164830459879,1.6553548584695226,0.17197075303537124,-33.35145867718304,-0.011853302855516617,0.0004246522367308421,1,0,0.0011889970826659704,0.07574741144659859,1.05948693862304e-05,0.08669734684962752,0.0006681445619617716,0.0,1.2526976084181105e-07,0.00028764508281637415,0.08993147064765873,0.00012127064376387127,0.0022676140141059953
72000,0.8290388795361796,0.0010935583193042693,0.10935583193042693,33.374779564035286,1.6687389782017645,1.6685375623812198,1.668940394022309,0.17517828432771726,-33.616122579742985,-0.01095352631236125,0.000478810150681245,2,0,0.0010886089619582273,0.07629428648239966,1.063056927788921e-05,0.08808193452024815,0.0006790988119139676,0.0,2.753842519916563e-07,0.00029002200667659154,0.09136665525545587,0.00011976617304698813,0.002304693963087287
72500,0.8347960939774031,0.0011021941409661044,0.11021941409661044,33.62259498635121,1.6811297493175603,1.6808014559228308,1.6814580427122896,0.1765381624410984,-33.87347650940295,-0.00840524317595031,0.0006550949230332008,4,0,0.0014489302063633556,0.07771540137523,1.073175621247067e-05,0.08947716436842605,0.0006904349385499604,0.0,4.914532579413169e-07,0.00029241022454763304,0.09281317926158295,0.00011902009474527935,0.002341946520588889
73000,0.8405533084186265,0.0011108299626279396,0.11108299626279396,33.91965991184717,1.6959829955923584,1.6967693527639793,1.6951966384207375,0.18289606473461925,-34.141180200814986,-0.005740036186402712,0.006392882147549691,6,0,0.0025721363659829814,0.2691939180918337,1.1082127985573538e-05,0.090862815532298,0.0007131189417858652,0.0,4.917503953801888e-06,0.0002948464771469181,0.09427107486333067,0.00012101572371843825,0.002384294280160501
73500,0.84631052285985,0.0011194657842897749,0.11194657842897748,34.12278901143547,1.7061394505717735,1.7037484937984775,1.7085304073450693,0.1913782219740425,-34.398399364639104,-0.02139539977338277,0.006887620995608946,7,0,0.0017982391245600989,0.28555255662511636,1.1087715335886372e-05,0.0922779246248451,0.0007252943146552305,0.0,5.657857574354367e-06,0.00029732903786648386,0.09574026117103458,0.00011921861912219466,0.002422967620757527
74000,0.8520677373010734,0.00112810160595161,0.112810160595161,34.42824442923827,1.7214122214619136,1.7222592019072802,1.7205652410165468,0.26816385054449576,-34.63845011910267,-0.009280590511649069,0.006948450263350706,8,0,0.0021776875372792716,0.2789102926743275,1.1192660778621766e-05,0.0937035883849365,0.0007395721549026945,0.0,6.48424097869201e-06,0.00029982992692833627,0.09722067492722189,0.00011851213697894341,0.0024600075586970332
74500,0.8578249517422969,0.0011367374276134452,0.11367374276134451,34.67186722439304,1.7335933612196524,1.733265758186114,1.7339209642531903,0.20812790817134097,-34.920958720056326,-0.02239789719251513,0.006948450263350706,11,0,0.003112339582282354,0.2789893084854123,1.1090282628347447e-05,0.09511923348276899,0.0007596637892871693,0.0,1.1081725021523223e-05,0.00030232662615069537,0.09871195258757821,0.00011566969316385434,0.002508556681721494
75000,0.8635821661835203,0.0011453732492752804,0.11453732492752804,34.881324122378714,1.744066206118936,1.7429956659922192,1.7451367462456526,0.21008557035210723,-35.17288617844394,0.01237223338082389,0.0069656563885932485,13,0,0.0046337241123417215,0.2848948325283291,1.1440701014926941e-05,0.09655199092432748,0.0007822161748967375,0.0,1.4753890963600107e-05,0.0003048305441971991,0.10021495676985902,0.00011754039361787873,0.0025497245344590774
75500,0.8693393806247438,0.0011540090709371157,0.11540090709371156,35.27752786217142,1.763876393108571,1.766731898578402,1.76102088763874,0.24305089709361066,-35.40683320129363,-0.010387171782000772,0.00702063547017937,14,0,0.0031617584292472625,0.29149118412981617,1.1191228158788947e-05,0.09800509212588726,0.0007991623123181719,0.0,1.59461153518231e-05,0.0003073357734081268,0.10172895031810988,0.00011326666267987691,0.0025902227629857055
76000,0.8750965950659674,0.0011626448925989507,0.11626448925989508,35.349006595460544,1.767450329773027,1.7659785618907295,1.7689220976553246,0.22635155597904427,-35.74204396599494,-0.017265343859551852,0.007125837717983981,14,0,0.004010006432060281,0.29437587623915723,1.1363797751186693e-05,0.09947018475988528,0.0008119773746710854,0.0,1.7432387765401936e-05,0.0003098883969322543,0.10325453508537613,0.00011331823635731949,0.0026336883683709122
76500,0.8808538095071908,0.001171280714260786,0.11712807142607859,35.78755041732497,1.7893775208662488,1.791902155582,1.7868528861504973,0.22728402553979102,-35.99775790083495,-0.02083156476165808,0.0075476353604358205,14,0,0.0039999002751427955,0.3095010739577962,1.1258787254340585e-05,0.10094327263584219,0.000830140275245997,0.0,1.8989949155473175e-05,0.0003124434253588711,0.10479106922751348,0.00011062601648405507,0.002674964154656609
77000,0.8866110239484143,0.0011799165359226212,0.11799165359226212,35.91966652810441,1.7959833264052203,1.7953639942464739,1.7966026585639672,0.24638323982032034,-36.23129078222742,-0.0023640815113391764,0.008096370838475303,15,0,0.004800282575750437,0.3289690722415709,1.1205987686921283e-05,0.10243084498798619,0.0008449437486591645,0.0,2.0725989985710707e-05,0.00031495663817535016,0.10633895052939664,0.00010850546700250048,0.0027162731769033027
77500,0.8923682383896377,0.0011885523575844565,0.11885523575844564,36.20404698181928,1.8102023490909642,1.8117941526256147,1.8086105455563137,0.2549590049459615,-36.51828199064818,-0.03434798375100068,0.008517258096806077,15,0,0.004839119383234256,0.3575030731906145,1.109710726122295e-05,0.10392775775747737,0.0008623607651097335,0.0,2.1961867350119944e-05,0.000317477453311858,0.10789822382996452,0.0001058984131106886,0.002757568879454206
78000,0.8981254528308612,0.0011971881792462917,0.11971881792462917,36.41833278502583,1.8209166392512919,1.8220467361939716,1.8197865423086121,0.2753410389948881,-36.757373318216125,-0.001752352953269138,0.03934555389225857,16,0,0.010228621941110837,1.5708399308592884,1.1997615517959007e-05,0.10532228598794084,0.0009344619617619844,0.0,3.9657757596471176e-05,0.00032024989971781375,0.10946654760125249,0.00011291156326032243,0.002837894378717426
78500,0.9038826672720847,0.0012058240009081267,0.12058240009081267,36.80318781672686,1.8401593908363434,1.8425665188143165,1.83775226285837,0.26345457071696726,-37.01504771932902,-0.0009371242215762142,0.03934555389225857,17,0,0.004990275600120212,1.6682905771655885,1.3103920473859517e-05,0.10681606060964602,0.0009674858200638951,0.0,4.436709444365449e-05,0.00032308693132886596,0.11104842065373287,0.00012157626008720286,0.0028843162777765774
79000,0.9096398817133081,0.001214459822569962,0.1214459822569962,37.02890558514552,1.8514452792572764,1.8514223135614853,1.8514682449530675,0.3751071379418352,-37.132398711842484,-0.11867292495762555,0.03934555389225857,18,0,0.006341330571258787,1.675383591483166,1.3502240659360948e-05,0.10832946095903902,0.0009929841150787583,0.0,4.896931670935212e-05,0.00032602445317034875,0.11264092839008878,0.0001235084035140888,0.0029299873054319525
79500,0.9153970961545316,0.001223095644231797,0.12230956442317971,37.28423940613497,1.8642119703067486,1.8645454278948537,1.8638785127186435,0.21638622866563045,-37.52269654039653,-0.10741239088814715,0.03934555389225857,18,0,0.0068719587353151855,1.6592736967303277,1.464196687707226e-05,0.10987049446188589,0.0010020858011333025,0.0,5.0338991622608765e-05,0.00032909583768847366,0.11424513320795447,0.00013206120794102228,0.0029784761487471195
80000,0.921154310595755,0.0012317314658936325,0.12317314658936325,37.38094873757768,1.869047436878884,1.8700642426616856,1.8680306310960826,0.32625446419426835,-37.782340241633904,-0.004313748258931817,0.03934555389225857,20,0,0.0061503112546036085,1.6225813859945988,1.4641985159182707e-05,0.11140610333750237,0.0010280241844300383,0.0,5.467341584585754e-05,0.00033240260122173844,0.11585901915542254,0.00013022723155232838,0.003023173631263351
80500,0.9269115250369786,0.0012403672875554675,0.12403672875554675,37.77087321535656,1.888543660767828,1.8920322710998354,1.8850550504358203,0.26825569501608676,-38.0362667804268,-0.13150178245211308,0.03934555389225857,20,0,0.007907220273973718,1.6215404167155354,1.3309467540186018e-05,0.11296769587102781,0.00105377693566401,0.0,5.704348816172734e-05,0.0003354185283070467,0.11748306106554493,0.00011672772866870824,0.00305581677484415
81000,0.9326687394782021,0.001249003109217303,0.1249003109217303,38.08167852858834,1.904083926429417,1.8998244544522147,1.9083433984066194,0.3150377289564219,-38.35447741129799,-0.0667898559760767,0.03934555389225857,20,0,0.006614354968889192,1.7076584280992826,1.4925573198852491e-05,0.11452805193696815,0.001072969787487388,0.0,5.9402223192929604e-05,0.00033871669518722883,0.1191208315567929,0.00012911281385063198,0.0031067653407583495
81500,0.9384259539194255,0.0012576389308791383,0.12576389308791383,38.285507142818304,1.914275357140915,1.9122659293329385,1.9162847849488918,0.3952617780900067,-38.634128329082934,-0.0516035998069298,0.03934555389225857,22,0,0.007955911064438003,1.7042406326675925,1.4991990782469193e-05,0.11609370975179167,0.0010950094661653987,0.0,6.161686983265546e-05,0.0003420932312356421,0.12076931036260048,0.00012793032369084838,0.0031618890527926463
82000,0.944183168360649,0.0012662747525409733,0.12662747525409732,38.72182591565652,1.936091295782826,1.9362953791552067,1.9358872124104454,0.3404739973033477,-38.85489020115412,-0.08767729575067851,0.03934555389225857,25,0,0.008750335981777355,1.6525252547651783,1.870293673334175e-05,0.11767883330020218,0.001119578616749703,0.0,6.759675012262452e-05,0.0003456841777430031,0.12242930598336112,0.00015743423191899543,0.003198910201810276
82500,0.9499403828018724,0.0012749105742028085,0.12749105742028086,38.6287233222182,1.93143616611091,1.933870231774733,1.929002100447087,0.46010118247269577,-39.16770078967155,-0.059616824136475476,0.03934555389225857,27,0,0.00847321741888586,1.657292830241029,2.0332487381956172e-05,0.11926533107063939,0.0011450524638258637,0.0,7.273914301429475e-05,0.000350025103447088,0.12409827460028298,0.00016885991710288318,0.0032447943319744016
83000,0.955697597243096,0.0012835463958646436,0.12835463958646437,39.351776852994135,1.9675888426497068,1.9678211580030303,1.9673565272963833,0.35415032298042315,-39.34254691890125,-0.031502917111124594,0.03934555389225857,28,0,0.008466247965230768,1.7204522788075374,2.315837597668895e-05,0.12083225222875592,0.0011990457854495762,0.0,7.963083734479388e-05,0.00035526503552443464,0.12578071721630624,0.0001897740690588501,0.0032913649532548273
83500,0.9614548116843195,0.001292182217526479,0.1292182217526479,39.36130894255398,1.9680654471276993,1.9655247168864904,1.9706061773689085,0.3493464464361187,-39.52878165837279,-0.023978970095801355,0.03934555389225857,30,0,0.009730882850440494,1.7146367628517531,3.449835311690647e-05,0.12242710338732034,0.001227658816775948,0.0,8.778705913851305e-05,0.00036186593296912064,0.12747368685732166,0.00027898928033168505,0.0033347733080008324
84000,0.9672120261255429,0.001300818039188314,0.1300818039188314,39.297029779648625,1.9648514889824311,1.9710393155497954,1.9586636624150668,0.2285990908569444,-39.74378899304848,-0.03760622760350233,0.03934555389225857,31,0,0.011369062337163649,1.662898483215313,3.8283011987386655e-05,0.12405631180682475,0.001237455044448317,0.0,9.301324227142932e-05,0.00036950531673986297,0.1291771574754596,0.0003055460215577171,0.003382589053187862
84500,0.9729692405667664,0.0013094538608501493,0.13094538608501494,39.50759397722892,1.9753796988614463,1.991094229452681,1.9596651682702113,0.3675326407353277,-39.9691122354079,-0.106550360948276,0.03934555389225857,34,0,0.009291508676993224,1.6987695528717601,2.870809375010306e-05,0.12563813447747513,0.0013086830791307347,0.0,0.00010346994864469826,0.00037746576427483136,0.13089133819380921,0.00022614268165723853,0.0034348768305337285
85000,0.9787264550079897,0.0013180896825119844,0.13180896825119845,40.55091344365196,2.027545672182598,2.0083249226201927,2.0467664217450037,0.42418084769176845,-40.29646127226558,-0.012444890705057382,0.039462160213520246,37,0,0.01405469943892216,1.7306006218403134,4.1382800291625874e-05,0.12721609798140732,0.0013617263840384794,0.0,0.00011901636851090126,0.0003852485441678214,0.13261643560728575,0.00032185021403074196,0.0034929635288696304
85500,0.9844836694492133,0.0013267255041738196,0.13267255041738196,40.553220166090355,2.027661008304518,2.009838519686292,2.0454834969227442,0.43876775296241216,-40.489224608621406,0.028263525391789487,0.039462160213520246,38,0,0.07275836726950267,1.7200836929945955,3.2197572092585534e-05,0.12875815301300814,0.0014345899769560438,0.0,0.00014261374294606235,0.0003933554394614588,0.1343548663712276,0.00024730696468287376,0.003593956626763317
86000,0.9902408838904366,0.0013353613258356547,0.13353613258356548,40.62809377467022,2.0314046887335113,2.029218737053658,2.0335906404133643,0.5057510745852606,-40.89622320939156,0.0545929447693422,0.039695693051056184,40,0,0.07961473883208715,1.7348330848649711,3.7971181743236366e-05,0.1302824444994468,0.0015355106769936529,0.0,0.00017409848301052874,0.000401574575346977,0.13610140007203578,0.000288057736083156,0.003669800655494604
86500,0.9959980983316602,0.0013439971474974901,0.13439971474974902,40.564223768548736,2.028211188427437,2.0347398658206037,2.0216825110342698,0.6815664182021742,-41.12194967570498,0.06311693182025169,0.03982862277251388,42,0,0.07715441508485099,1.727371156789183,3.7097860332343114e-05,0.13187562463190688,0.001601905274885222,0.0,0.00019222002482461242,0.00040966901454650537,0.13785724127897578,0.00027793337469047186,0.0037407244724802224
87000,1.0017553127728838,0.0013526329691593256,0.13526329691593256,41.2373142369454,2.06186571184727,2.0817911299601146,2.0419402937344255,0.4295782455789185,-41.337682418352884,0.05273333416154055,0.03990869561725818,43,0,0.07871562527762353,1.753345320602938,3.845058434468439e-05,0.13347392352447568,0.001658456775876978,0.0,0.0002081772221185621,0.000417820568476702,0.1396243414379671,0.0002845401247223057,0.003827512762674512
87500,1.0075125272141072,0.0013612687908211604,0.13612687908211604,41.54081781422929,2.077040890711465,2.073899087567359,2.0801826938555705,0.44622914102207023,-41.530788307337296,0.019026518294323853,0.040370028003881404,43,0,0.07803820712655703,1.7825887032884176,3.125373030237659e-05,0.1351773439147622,0.0016910542429909975,0.0,0.00021358510271327384,0.00042550895072871576,0.1414019013860136,0.00022834876949720596,0.00386315544451607
88000,1.0132697416553307,0.0013699046124829959,0.13699046124829958,41.54805732293713,2.0774028661468567,2.0865149975631536,2.06829073473056,0.4551393895785513,-41.968399798267804,0.060632821600392975,0.040918844523848474,45,0,0.07375432719690748,1.7874874427471374,3.861649455080808e-05,0.13683904162093785,0.0017398443968725487,0.0,0.0002231891941543844,0.00043354382616485576,0.14319315738375718,0.0002786607372918629,0.003918921851076729
88500,1.0190269560965541,0.001378540434144831,0.1378540434144831,41.883748244821795,2.09418741224109,2.1045486100879898,2.0838262143941897,0.5364462662884597,-42.078151798200096,0.0346853350419974,0.041076649134657535,46,0,0.0838622462525586,1.8121252298400077,3.797748467561925e-05,0.13850258569611434,0.0017907818477447832,0.0,0.0002319198748202317,0.00044183864564465656,0.14499314065238003,0.00027070049953535093,0.003988037103380387
89000,1.0247841705377776,0.0013871762558066662,0.1387176255806666,41.995530556372195,2.0997765278186096,2.1159510608606924,2.0836019947765276,0.6545623276465408,-42.375598216258766,0.04737652098180039,0.04166323890511077,48,0,0.0875491638419282,1.8369599531928793,3.5645311570373195e-05,0.14019183209800692,0.001835259562741475,0.0,0.0002436946628204376,0.0004501891151328856,0.14680481628682296,0.00025097543823200306,0.004048195536550864
89500,1.030541384979001,0.0013958120774685012,0.13958120774685012,42.253599417311264,2.1126799708655635,2.1100102005945187,2.1153497411366087,0.47111877822810866,-42.60370278438751,0.133743449896707,0.04225248280885203,50,0,0.08781132438978816,1.8561455655381796,4.1547319023907905e-05,0.14181422312788805,0.0019054708579477459,0.0,0.00026625201124288273,0.0004587644095860631,0.14862576538264533,0.0002890857743407287,0.00413950765695667
90000,1.0362985994202245,0.0014044478991303367,0.14044478991303366,42.79731113496284,2.139865556748142,2.1332696562064717,2.146461457289813,0.7011624075593499,-42.819085192309096,0.031713080487037595,0.043189208910620856,52,0,0.09586219593130144,1.8768036395505268,3.882547922009875e-05,0.14343692587888324,0.002012864305249214,0.0,0.00028759550472316954,0.0004675122390176429,0.15045897658572566,0.0002669338963703389,0.004215253178632278
90500,1.042055813861448,0.0014130837207921715,0.14130837207921715,43.075503400233046,2.1537751700116523,2.1350573505009605,2.1724929895223437,0.7626307977768841,-43.1757697905159,0.022341444855846885,0.04468721280621574,53,0,0.1066477501364909,1.9426370545540073,3.8479225131240793e-05,0.14511810964805238,0.0020990531868678632,0.0,0.00030249287995201714,0.00047678559193789136,0.15230278655634286,0.0002613773040470077,0.004267866024401462
91000,1.0478130283026714,0.001421719542454007,0.1421719542454007,43.169960956394796,2.15849804781974,2.1652227906935706,2.1517733049459093,0.4794578664150616,-43.501960907334066,-0.006504756780757144,0.04770662896286294,53,0,0.12728744523517524,1.9762455830851993,4.16516087540258e-05,0.14683083067368413,0.002140834778267322,0.0,0.0003150848351512124,0.0004858576242110656,0.1541559562658035,0.00027959416730465356,0.004341696745735729
91500,1.0535702427438949,0.0014303553641158422,0.14303553641158423,43.0414212651201,2.1520710632560047,2.1568115950728375,2.147330531439173,0.6720158260275321,-43.620790021360875,0.050959106566211824,0.048655864370656964,54,0,0.14222231801413704,2.00708432684013,3.616482075915725e-05,0.1485377741084627,0.0021787001296917226,0.0,0.00033110514227107377,0.0004943540563893608,0.156020266610552,0.00023995267234032727,0.004442168352977949
92000,1.0593274571851183,0.0014389911857776775,0.14389911857776774,43.41731294596438,2.1708656472982195,2.173420595269981,2.168310699326458,0.7285375967289832,-43.89928003148518,0.10663717058760178,0.05122220149275525,55,0,0.18067048199048136,2.04191021024622,3.858430631191554e-05,0.1502348611322214,0.002252464218999108,0.0,0.0003471046315785685,0.00050241865025475,0.15789542828088746,0.0002530328748507143,0.004519995341521699
92500,1.0650846716263418,0.0014476270074395125,0.14476270074395126,44.153087408253064,2.207654370412653,2.220533719493007,2.1947750213323,0.6094620803228086,-44.11582133021112,0.11745143615262468,0.052632043548353415,55,0,0.25851377097045664,2.0522374725253347,3.558863812880208e-05,0.1519279938529001,0.0023538225417976013,0.0,0.00036443125491879725,0.0005103978985143545,0.15978236010438757,0.00023067292672881165,0.0045901259181279075
93000,1.0708418860675653,0.0014562628291013477,0.14562628291013477,43.77653707484409,2.1888268537422046,2.178205633527693,2.1994480739567157,0.6438922354939939,-44.447507236385924,0.038029660348114065,0.05561660536692593,56,0,0.35731468934846694,2.11022009860537,3.712323960458885e-05,0.15360136667296193,0.002462683510977299,0.0,0.00038962310970147487,0.0005185537211576424,0.16167794020051715,0.00023787181968451345,0.0046685899461142155
93500,1.0765991005087887,0.001464898650763183,0.1464898650763183,44.221830466959595,2.21109152334798,2.2371295212480704,2.18505352544789,0.7253539797704068,-44.627479608575456,0.10808028726358355,0.08378913388239193,57,0,0.20026114043750345,3.2257794747365236,4.67966747144488e-05,0.1549458713613194,0.002670900791617344,0.0,0.0004600644982846705,0.0005270155465607874,0.16358474874300485,0.00029690161824302326,0.004934099870508218
94000,1.0823563149500124,0.001473534472425018,0.1473534472425018,44.008592755679736,2.2004296377839867,2.2153855058851195,2.1854737696828543,0.7712564302612589,-44.84642158528041,0.12372079539311089,0.41997368456266576,60,0,0.20961707122681808,15.94461205966519,0.0003776846575464138,0.15435146771286296,0.003178463189719262,0.0,0.0009001103688986985,0.0005591478844070633,0.16549989951462155,0.0023975422028209804,0.00613302570118715
94500,1.0881135293912356,0.0014821702940868533,0.14821702940868534,43.409440495875316,2.170472024793766,2.2400289003500524,2.100915149237479,1.30527574124187,-45.46212845720198,0.05628744569348326,1.0,73,1,4.227788685135942,39.473087526051714,0.001753134361078226,0.14983489038100922,0.00417741213240673,0.0,0.002333439254714007,0.000763766123110503,0.167398109544327,0.011383080003790678,0.008535467292008297
95000,1.0938707438324593,0.0014908061157486887,0.14908061157486888,41.121565215157894,2.0560782607578947,2.240781130997261,1.8713753905185286,2.0108742412902982,-44.64670097429783,-0.9998939499313667,1.0,93,4,12.421220332609675,60.41138874705355,0.00417247868746545,0.1416898886268552,0.006551985539256999,0.0,0.004140099095608815,0.0014521123287510368,0.16921847221588443,0.028146424287580078,0.011211907937946936
95500,1.0996279582736825,0.0014994419374105236,0.14994419374105236,39.81322036093708,1.990661018046854,2.0824988524417414,1.8988231836519667,2.056408243332527,-41.24493638482664,-1.0729662597839804,1.0,112,6,26.771880405595933,78.02466948698815,0.004880251367388922,0.13448809959603447,0.006984139860500058,0.0,0.005851752214184772,0.002428405173590229,0.17096383778081548,0.03449617667845227,0.016331189569117027
96000,1.1053851727149062,0.001508077759072359,0.1508077759072359,38.379100162188166,1.9189550081094084,1.9860571418462325,1.8518528743725842,0.2967602082522418,-40.1275983465624,0.054262931545036336,1.0,150,8,34.100175683628905,95.142022748296,0.006751354006507516,0.12017750579727685,0.01572249154223731,0.0,0.009048502664776482,0.0037097500560964282,0.17264300244844064,0.049678838400863595,0.017233398381546083
96500,1.1111423871561295,0.001516713580734194,0.15167135807341942,33.69224526299147,1.684612263149574,1.7890102856660917,1.5802142406330562,2.638461997476274,-34.400098417570845,-2.4325159632695463,1.0,162,15,33.99165193241117,95.1763157786891,0.01084807096710693,0.10218201364947109,0.01393649371591552,0.0,0.013618699052930491,0.0056245796666203555,0.17420243047127565,0.09342241140743941,0.027992573419231254
97000,1.1168996015973531,0.0015253494023960295,0.15253494023960296,30.510456034988746,1.5255228017494373,1.5659302449933536,1.485115358505521,2.927643574071724,-35.12434781480727,2.362964519584246,1.0,191,26,43.81116450273302,100.54985655146157,0.015226667614633857,0.08231116862742319,0.02254496295843277,0.0,0.018045875553465224,0.008604674051312601,0.17559114414786214,0.14521485185791255,0.0288577953425945
97500,1.1226568160385764,0.0015339852240578644,0.15339852240578644,21.735733834547002,1.0867866917273503,1.2191200255903807,0.9544533578643197,0.33776847162034396,-34.73535445407352,5.429642651752169,1.0,221,38,45.97157442718752,103.21977269674414,0.01847010587983406,0.06286331688237684,0.028955492933348762,0.0,0.023368593932710926,0.012449621210328927,0.17672714495648922,0.20115819315129838,0.030620014117889727
98000,1.1284140304798,0.0015426210457196998,0.15426210457196998,19.119718322544166,0.9559859161272084,0.9973676973711394,0.9146041348832773,1.362932560235375,-8.386268142648813,1.6994256184485548,1.0,248,48,45.41455715484676,123.14722074375243,0.020837857015775875,0.039396826578033076,0.024408328563860018,0.0,0.028843647851430572,0.01683411685037029,0.1776305775012238,0.3265857902772214,0.04730980064175397
98500,1.1341712449210233,0.0015512568673815349,0.1551256867381535,14.015068428502198,0.70075342142511,0.8794598367181138,0.5220470061321063,0.2515162065100565,-1.8874274504295132,2.457490202560431,1.0,289,62,50.03124543829092,129.37279426525512,0.023853751119797456,0.02325805305073731,0.023251419312830382,0.0,0.03337045001013248,0.021937912844530887,0.17826813926373275,0.5128794180534036,0.052596552925704226
